Date,Total Tests,Daily Tests (ECLRS),New Positive Cases (TCHD),Total Positive Cases (TCHD),Released from Isolation (TCHD),Active Cases (TCHD),Active COVID-19 Hospitalizations (CHS),Total TC Resident Deaths (TCHD),Total Vaccinations 1st Dose,Total Vaccinations Completed,NYS Vaccine Tracker: Tompkins County 1st Dose,NYS Vaccine Tracker: Tompkins County Complete Series,Reported Positive Self-Tests,Total Positive Self-Tests
3/14/20,,,,1.0,,,,,,,,,,
3/15/20,46.0,,0.0,1.0,,,,,,,,,,
3/16/20,51.0,,1.0,2.0,,,,,,,,,,
3/17/20,107.0,,1.0,3.0,,,,,,,,,,
3/18/20,145.0,,3.0,6.0,,,,,,,,,,
3/19/20,279.0,,0.0,6.0,,,,,,,,,,
3/20/20,379.0,,5.0,11.0,,,,,,,,,,
3/21/20,449.0,,1.0,12.0,,,,,,,,,,
3/22/20,451.0,,3.0,15.0,,,,,,,,,,
3/23/20,592.0,,1.0,16.0,,,,,,,,,,
3/24/20,666.0,,,18.0,,,,,,,,,,
3/25/20,731.0,,5.0,23.0,,,,,,,,,,
3/26/20,1009.0,,9.0,32.0,,,,,,,,,,
3/27/20,1191.0,,16.0,48.0,,,,,,,,,,
3/28/20,1191.0,,8.0,56.0,,,2.0,,,,,,,
3/29/20,1197.0,,14.0,70.0,,,2.0,,,,,,,
3/30/20,1369.0,,3.0,73.0,,,1.0,,,,,,,
3/31/20,1419.0,,3.0,76.0,28.0,48.0,1.0,,,,,,,
4/1/20,1480.0,,4.0,80.0,33.0,47.0,1.0,,,,,,,
4/2/20,1553.0,,7.0,87.0,46.0,41.0,2.0,,,,,,,
4/3/20,1620.0,,6.0,93.0,51.0,42.0,2.0,,,,,,,
4/4/20,1626.0,,2.0,95.0,54.0,41.0,2.0,,,,,,,
4/5/20,1637.0,,3.0,98.0,57.0,41.0,1.0,,,,,,,
4/6/20,1988.0,,4.0,102.0,66.0,36.0,3.0,,,,,,,
4/7/20,2133.0,,1.0,103.0,69.0,34.0,3.0,,,,,,,
4/8/20,2246.0,,2.0,105.0,73.0,32.0,5.0,,,,,,,
4/9/20,2274.0,,2.0,107.0,76.0,31.0,5.0,,,,,,,
4/10/20,2290.0,,5.0,112.0,82.0,30.0,4.0,0.0,,,,,,
4/11/20,2403.0,,1.0,113.0,82.0,31.0,5.0,0.0,,,,,,
4/12/20,2408.0,,0.0,113.0,83.0,30.0,4.0,0.0,,,,,,
4/13/20,2419.0,,0.0,113.0,84.0,29.0,4.0,0.0,,,,,,
4/14/20,2506.0,,3.0,116.0,87.0,29.0,4.0,0.0,,,,,,
4/15/20,2546.0,,2.0,118.0,90.0,28.0,4.0,0.0,,,,,,
4/16/20,2606.0,,1.0,119.0,93.0,26.0,5.0,0.0,,,,,,
4/17/20,2785.0,,2.0,121.0,94.0,27.0,7.0,0.0,,,,,,
4/18/20,2808.0,,0.0,121.0,94.0,27.0,7.0,0.0,,,,,,
4/19/20,2820.0,,2.0,123.0,94.0,29.0,6.0,0.0,,,,,,
4/20/20,2897.0,,0.0,123.0,94.0,29.0,6.0,0.0,,,,,,
4/21/20,2947.0,,0.0,123.0,94.0,29.0,6.0,0.0,,,,,,
4/22/20,2996.0,,1.0,124.0,94.0,30.0,5.0,0.0,,,,,,
4/23/20,3056.0,,5.0,129.0,94.0,35.0,5.0,0.0,,,,,,
4/24/20,3095.0,,0.0,129.0,94.0,35.0,6.0,0.0,,,,,,
4/25/20,3104.0,,1.0,130.0,94.0,36.0,6.0,0.0,,,,,,
4/26/20,3104.0,,0.0,130.0,95.0,35.0,6.0,0.0,,,,,,
4/27/20,3212.0,,0.0,130.0,97.0,33.0,6.0,0.0,,,,,,
4/28/20,3299.0,,0.0,130.0,97.0,33.0,5.0,0.0,,,,,,
4/29/20,3391.0,,2.0,132.0,99.0,33.0,5.0,0.0,,,,,,
4/30/20,3578.0,,0.0,132.0,100.0,32.0,5.0,0.0,,,,,,
5/1/20,3578.0,,0.0,132.0,100.0,32.0,5.0,0.0,,,,,,
5/2/20,3755.0,,1.0,133.0,103.0,30.0,2.0,0.0,,,,,,
5/3/20,3767.0,,0.0,133.0,106.0,27.0,2.0,0.0,,,,,,
5/4/20,4016.0,,0.0,133.0,106.0,27.0,2.0,0.0,,,,,,
5/5/20,4468.0,,0.0,133.0,106.0,27.0,2.0,0.0,,,,,,
5/6/20,4510.0,,0.0,133.0,107.0,26.0,2.0,0.0,,,,,,
5/7/20,4587.0,,1.0,134.0,109.0,25.0,2.0,0.0,,,,,,
5/8/20,4702.0,,0.0,134.0,110.0,24.0,2.0,0.0,,,,,,
5/9/20,4712.0,,0.0,134.0,112.0,22.0,1.0,0.0,,,,,,
5/10/20,4723.0,,0.0,134.0,112.0,22.0,1.0,0.0,,,,,,
5/11/20,4834.0,,0.0,134.0,114.0,20.0,1.0,0.0,,,,,,
5/12/20,5022.0,,2.0,136.0,114.0,22.0,1.0,0.0,,,,,,
5/13/20,5265.0,,1.0,137.0,115.0,22.0,1.0,0.0,,,,,,
5/14/20,5694.0,,0.0,137.0,116.0,21.0,1.0,0.0,,,,,,
5/15/20,6316.0,,2.0,139.0,116.0,23.0,1.0,0.0,,,,,,
5/16/20,6355.0,,0.0,139.0,117.0,22.0,1.0,0.0,,,,,,
5/17/20,6378.0,,2.0,141.0,117.0,24.0,1.0,0.0,,,,,,
5/18/20,6624.0,,0.0,141.0,117.0,24.0,1.0,0.0,,,,,,
5/19/20,7047.0,,4.0,145.0,118.0,27.0,1.0,0.0,,,,,,
5/20/20,7047.0,,0.0,145.0,121.0,24.0,1.0,0.0,,,,,,
5/21/20,8221.0,,1.0,146.0,121.0,25.0,1.0,0.0,,,,,,
5/22/20,8221.0,,2.0,148.0,124.0,24.0,1.0,0.0,,,,,,
5/23/20,7850.0,,1.0,149.0,124.0,25.0,1.0,0.0,,,,,,
5/24/20,7863.0,,3.0,152.0,127.0,25.0,0.0,0.0,,,,,,
5/25/20,7875.0,,1.0,153.0,128.0,25.0,0.0,0.0,,,,,,
5/26/20,8313.0,,0.0,153.0,128.0,25.0,1.0,0.0,,,,,,
5/27/20,8535.0,,1.0,154.0,133.0,21.0,1.0,0.0,,,,,,
5/28/20,9071.0,,2.0,156.0,134.0,22.0,1.0,0.0,,,,,,
5/29/20,9288.0,,0.0,156.0,135.0,21.0,1.0,0.0,,,,,,
5/30/20,9288.0,,0.0,156.0,135.0,21.0,0.0,0.0,,,,,,
5/31/20,9749.0,,4.0,160.0,136.0,24.0,0.0,0.0,,,,,,
6/1/20,9773.0,,0.0,160.0,137.0,23.0,0.0,0.0,,,,,,
6/2/20,10050.0,,1.0,161.0,140.0,21.0,0.0,0.0,,,,,,
6/3/20,10271.0,,1.0,162.0,141.0,21.0,0.0,0.0,,,,,,
6/4/20,10649.0,,1.0,163.0,142.0,21.0,0.0,0.0,,,,,,
6/5/20,10960.0,,0.0,163.0,144.0,19.0,0.0,0.0,,,,,,
6/6/20,11385.0,,1.0,164.0,144.0,20.0,0.0,0.0,,,,,,
6/7/20,11506.0,,1.0,165.0,144.0,21.0,0.0,0.0,,,,,,
6/8/20,11542.0,,0.0,165.0,145.0,20.0,0.0,0.0,,,,,,
6/9/20,11768.0,,0.0,165.0,148.0,17.0,0.0,0.0,,,,,,
6/10/20,12105.0,,0.0,165.0,150.0,15.0,0.0,0.0,,,,,,
6/11/20,12322.0,,0.0,165.0,154.0,11.0,0.0,0.0,,,,,,
6/12/20,12508.0,,0.0,165.0,155.0,10.0,0.0,0.0,,,,,,
6/13/20,12724.0,,1.0,166.0,155.0,11.0,0.0,0.0,,,,,,
6/14/20,12818.0,,0.0,166.0,155.0,11.0,0.0,0.0,,,,,,
6/15/20,12833.0,,0.0,166.0,156.0,10.0,0.0,0.0,,,,,,
6/16/20,13129.0,,0.0,166.0,156.0,10.0,0.0,0.0,,,,,,
6/17/20,13402.0,,0.0,166.0,158.0,8.0,0.0,0.0,,,,,,
6/18/20,13428.0,,0.0,166.0,158.0,8.0,0.0,0.0,,,,,,
6/19/20,14289.0,,0.0,166.0,162.0,4.0,0.0,0.0,,,,,,
6/20/20,14561.0,,0.0,166.0,162.0,4.0,0.0,0.0,,,,,,
6/21/20,14650.0,,0.0,166.0,163.0,3.0,0.0,0.0,,,,,,
6/22/20,14658.0,,0.0,166.0,164.0,2.0,0.0,0.0,,,,,,
6/23/20,14996.0,,0.0,166.0,165.0,1.0,0.0,0.0,,,,,,
6/24/20,15222.0,,0.0,166.0,165.0,1.0,0.0,0.0,,,,,,
6/25/20,15430.0,,0.0,166.0,165.0,1.0,0.0,0.0,,,,,,
6/26/20,15647.0,,1.0,167.0,165.0,2.0,0.0,0.0,,,,,,
6/27/20,15843.0,,0.0,167.0,165.0,2.0,0.0,0.0,,,,,,
6/28/20,15883.0,,0.0,167.0,165.0,2.0,0.0,0.0,,,,,,
6/29/20,15889.0,,1.0,168.0,165.0,3.0,0.0,0.0,,,,,,
6/30/20,16191.0,,0.0,168.0,165.0,3.0,0.0,0.0,,,,,,
7/1/20,16488.0,,0.0,168.0,165.0,3.0,0.0,0.0,,,,,,
7/2/20,16718.0,,0.0,168.0,166.0,2.0,0.0,0.0,,,,,,
7/3/20,17064.0,,0.0,168.0,167.0,1.0,0.0,0.0,,,,,,
7/4/20,17078.0,,0.0,168.0,167.0,1.0,0.0,0.0,,,,,,
7/5/20,17078.0,,0.0,168.0,167.0,1.0,0.0,0.0,,,,,,
7/6/20,17108.0,,0.0,168.0,167.0,1.0,0.0,0.0,,,,,,
7/7/20,17529.0,,1.0,169.0,167.0,2.0,0.0,0.0,,,,,,
7/8/20,17842.0,,0.0,169.0,167.0,2.0,0.0,0.0,,,,,,
7/9/20,17960.0,,0.0,169.0,167.0,2.0,0.0,0.0,,,,,,
7/10/20,18289.0,,3.0,172.0,167.0,5.0,0.0,0.0,,,,,,
7/11/20,18580.0,,1.0,173.0,167.0,6.0,0.0,0.0,,,,,,
7/12/20,18625.0,,2.0,175.0,167.0,8.0,0.0,0.0,,,,,,
7/13/20,18640.0,,1.0,176.0,167.0,9.0,0.0,0.0,,,,,,
7/14/20,19063.0,,10.0,186.0,169.0,17.0,0.0,0.0,,,,,,
7/15/20,19484.0,,7.0,193.0,169.0,24.0,0.0,0.0,,,,,,
7/16/20,19798.0,,0.0,193.0,170.0,23.0,0.0,0.0,,,,,,
7/17/20,20324.0,,1.0,194.0,170.0,24.0,0.0,0.0,,,,,,
7/18/20,20622.0,,4.0,198.0,170.0,28.0,0.0,0.0,,,,,,
7/19/20,20635.0,,4.0,202.0,170.0,32.0,0.0,0.0,,,,,,
7/20/20,20645.0,,0.0,202.0,170.0,32.0,3.0,0.0,,,,,,
7/21/20,20811.0,,1.0,203.0,170.0,33.0,4.0,0.0,,,,,,
7/22/20,21637.0,,3.0,206.0,171.0,35.0,2.0,0.0,,,,,,
7/23/20,22072.0,,5.0,211.0,172.0,39.0,0.0,0.0,,,,,,
7/24/20,22478.0,,4.0,215.0,176.0,39.0,0.0,0.0,,,,,,
7/25/20,22881.0,,2.0,217.0,182.0,35.0,0.0,0.0,,,,,,
7/26/20,22898.0,,1.0,218.0,184.0,34.0,0.0,0.0,,,,,,
7/27/20,22907.0,,1.0,219.0,187.0,32.0,0.0,0.0,,,,,,
7/28/20,23276.0,,0.0,219.0,188.0,31.0,0.0,0.0,,,,,,
7/29/20,23683.0,,1.0,220.0,188.0,32.0,0.0,0.0,,,,,,
7/30/20,24042.0,,2.0,222.0,189.0,33.0,0.0,0.0,,,,,,
7/31/20,24650.0,,0.0,222.0,194.0,28.0,0.0,0.0,,,,,,
8/1/20,24824.0,,2.0,224.0,198.0,26.0,0.0,0.0,,,,,,
8/2/20,24891.0,,0.0,224.0,199.0,25.0,0.0,0.0,,,,,,
8/3/20,24919.0,,2.0,226.0,200.0,26.0,0.0,0.0,,,,,,
8/4/20,25331.0,,0.0,226.0,201.0,25.0,0.0,0.0,,,,,,
8/5/20,26092.0,,2.0,228.0,202.0,26.0,0.0,0.0,,,,,,
8/6/20,26322.0,,0.0,228.0,207.0,21.0,0.0,0.0,,,,,,
8/7/20,27441.0,,1.0,229.0,210.0,19.0,0.0,0.0,,,,,,
8/8/20,27701.0,,0.0,229.0,216.0,13.0,0.0,0.0,,,,,,
8/9/20,27708.0,,0.0,229.0,217.0,12.0,0.0,0.0,,,,,,
8/10/20,27715.0,,1.0,230.0,217.0,13.0,0.0,0.0,,,,,,
8/11/20,27846.0,,0.0,230.0,219.0,11.0,0.0,0.0,,,,,,
8/12/20,29450.0,,0.0,230.0,222.0,8.0,0.0,0.0,,,,,,
8/13/20,30447.0,,3.0,233.0,224.0,9.0,0.0,0.0,,,,,,
8/14/20,31527.0,,1.0,234.0,226.0,8.0,0.0,0.0,,,,,,
8/15/20,32176.0,,1.0,235.0,229.0,6.0,0.0,0.0,,,,,,
8/16/20,32234.0,,0.0,235.0,230.0,5.0,0.0,0.0,,,,,,
8/17/20,32711.0,,0.0,235.0,230.0,5.0,0.0,0.0,,,,,,
8/18/20,34104.0,,1.0,236.0,230.0,6.0,0.0,0.0,,,,,,
8/19/20,36135.0,,1.0,237.0,230.0,7.0,0.0,0.0,,,,,,
8/20/20,38234.0,,2.0,239.0,232.0,7.0,0.0,0.0,,,,,,
8/21/20,39877.0,,0.0,239.0,232.0,7.0,0.0,0.0,,,,,,
8/22/20,40937.0,,2.0,241.0,234.0,7.0,0.0,0.0,,,,,,
8/23/20,40937.0,,0.0,241.0,234.0,7.0,0.0,0.0,,,,,,
8/24/20,42165.0,,1.0,242.0,234.0,8.0,0.0,0.0,,,,,,
8/25/20,44219.0,,2.0,244.0,234.0,10.0,0.0,0.0,,,,,,
8/26/20,46661.0,,0.0,244.0,234.0,10.0,0.0,0.0,,,,,,
8/27/20,48218.0,,2.0,246.0,235.0,11.0,0.0,0.0,,,,,,
8/28/20,51036.0,,9.0,255.0,237.0,18.0,0.0,0.0,,,,,,
8/29/20,53166.0,,2.0,257.0,239.0,18.0,0.0,0.0,,,,,,
8/30/20,54451.0,,1.0,258.0,239.0,19.0,0.0,0.0,,,,,,
8/31/20,54457.0,,6.0,264.0,239.0,25.0,0.0,0.0,,,,,,
9/1/20,55316.0,,9.0,273.0,241.0,32.0,0.0,0.0,,,,,,
9/2/20,56707.0,,25.0,298.0,241.0,57.0,0.0,0.0,,,,,,
9/3/20,58299.0,,5.0,303.0,242.0,61.0,0.0,0.0,,,,,,
9/4/20,62449.0,,12.0,315.0,245.0,70.0,0.0,0.0,,,,,,
9/5/20,68859.0,,12.0,327.0,245.0,82.0,0.0,0.0,,,,,,
9/6/20,72252.0,,10.0,337.0,249.0,88.0,0.0,0.0,,,,,,
9/7/20,75159.0,,3.0,340.0,254.0,86.0,0.0,0.0,,,,,,
9/8/20,80202.0,,3.0,343.0,263.0,80.0,0.0,0.0,,,,,,
9/9/20,85395.0,,16.0,359.0,271.0,88.0,0.0,0.0,,,,,,
9/10/20,89803.0,,5.0,364.0,278.0,86.0,0.0,0.0,,,,,,
9/11/20,95797.0,,7.0,371.0,292.0,79.0,0.0,0.0,,,,,,
9/12/20,101514.0,,6.0,377.0,310.0,67.0,0.0,0.0,,,,,,
9/13/20,101515.0,,1.0,378.0,323.0,55.0,0.0,0.0,,,,,,
9/14/20,107290.0,,2.0,380.0,330.0,50.0,0.0,0.0,,,,,,
9/15/20,113511.0,,3.0,383.0,344.0,39.0,0.0,0.0,,,,,,
9/16/20,119530.0,,1.0,384.0,346.0,38.0,0.0,0.0,,,,,,
9/17/20,125452.0,,2.0,386.0,352.0,34.0,0.0,0.0,,,,,,
9/18/20,130851.0,,4.0,390.0,357.0,33.0,1.0,0.0,,,,,,
9/19/20,136184.0,,3.0,393.0,364.0,29.0,1.0,0.0,,,,,,
9/20/20,139159.0,,1.0,394.0,369.0,25.0,1.0,0.0,,,,,,
9/21/20,142199.0,,1.0,395.0,375.0,20.0,0.0,0.0,,,,,,
9/22/20,148002.0,,4.0,399.0,378.0,21.0,0.0,0.0,,,,,,
9/23/20,154077.0,,3.0,402.0,380.0,22.0,0.0,0.0,,,,,,
9/24/20,160378.0,,1.0,403.0,380.0,23.0,0.0,0.0,,,,,,
9/25/20,166411.0,,1.0,404.0,383.0,21.0,0.0,0.0,,,,,,
9/26/20,172354.0,,4.0,408.0,388.0,20.0,0.0,0.0,,,,,,
9/27/20,174974.0,,1.0,409.0,391.0,18.0,0.0,0.0,,,,,,
9/28/20,178681.0,,1.0,410.0,394.0,16.0,0.0,0.0,,,,,,
9/29/20,185305.0,,4.0,414.0,397.0,17.0,0.0,0.0,,,,,,
9/30/20,191887.0,,4.0,418.0,397.0,21.0,0.0,0.0,,,,,,
10/1/20,198266.0,,4.0,422.0,401.0,21.0,0.0,0.0,,,,,,
10/2/20,204720.0,,8.0,430.0,402.0,28.0,0.0,0.0,,,,,,
10/3/20,209804.0,,2.0,432.0,402.0,30.0,0.0,0.0,,,,,,
10/4/20,214070.0,,3.0,435.0,402.0,33.0,0.0,0.0,,,,,,
10/5/20,216965.0,,5.0,440.0,408.0,32.0,0.0,0.0,,,,,,
10/6/20,223474.0,,5.0,445.0,412.0,33.0,2.0,0.0,,,,,,
10/7/20,230067.0,,5.0,450.0,412.0,38.0,2.0,0.0,,,,,,
10/8/20,236430.0,,4.0,454.0,413.0,41.0,2.0,0.0,,,,,,
10/9/20,242564.0,,3.0,457.0,419.0,38.0,2.0,0.0,,,,,,
10/10/20,248845.0,,2.0,459.0,424.0,35.0,2.0,0.0,,,,,,
10/11/20,251586.0,,5.0,464.0,428.0,36.0,2.0,0.0,,,,,,
10/12/20,254532.0,,11.0,475.0,433.0,41.0,3.0,1.0,,,,,,
10/13/20,261040.0,,7.0,482.0,436.0,45.0,3.0,1.0,,,,,,
10/14/20,267422.0,,7.0,489.0,441.0,47.0,4.0,1.0,,,,,,
10/15/20,273785.0,,5.0,494.0,448.0,45.0,4.0,1.0,,,,,,
10/16/20,280021.0,,14.0,508.0,451.0,56.0,4.0,1.0,,,,,,
10/17/20,284100.0,,8.0,516.0,459.0,56.0,5.0,1.0,,,,,,
10/18/20,289136.0,,11.0,527.0,465.0,61.0,5.0,1.0,,,,,,
10/19/20,292249.0,,4.0,531.0,471.0,59.0,9.0,1.0,,,,,,
10/20/20,298840.0,,7.0,538.0,475.0,62.0,8.0,1.0,,,,,,
10/21/20,305480.0,,16.0,554.0,477.0,76.0,9.0,1.0,,,,,,
10/22/20,311965.0,,13.0,567.0,479.0,87.0,7.0,1.0,,,,,,
10/23/20,317129.0,,8.0,575.0,488.0,86.0,6.0,1.0,,,,,,
10/24/20,324682.0,,8.0,583.0,495.0,87.0,3.0,1.0,,,,,,
10/25/20,327755.0,,12.0,595.0,507.0,87.0,5.0,1.0,,,,,,
10/26/20,329466.0,,3.0,598.0,518.0,79.0,7.0,1.0,,,,,,
10/27/20,335977.0,,5.0,603.0,533.0,69.0,7.0,1.0,,,,,,
10/28/20,342788.0,,9.0,612.0,541.0,70.0,6.0,1.0,,,,,,
10/29/20,349296.0,,10.0,622.0,544.0,77.0,4.0,1.0,,,,,,
10/30/20,355996.0,,7.0,629.0,558.0,70.0,2.0,1.0,,,,,,
10/31/20,362258.0,,8.0,637.0,572.0,64.0,4.0,1.0,,,,,,
11/1/20,365125.0,,6.0,643.0,577.0,65.0,3.0,1.0,,,,,,
11/2/20,368132.0,,3.0,646.0,589.0,56.0,4.0,1.0,,,,,,
11/3/20,374966.0,,1.0,647.0,599.0,47.0,4.0,1.0,,,,,,
11/4/20,381688.0,,7.0,654.0,606.0,47.0,5.0,1.0,,,,,,
11/5/20,388130.0,,7.0,661.0,613.0,47.0,5.0,1.0,,,,,,
11/6/20,392969.0,,6.0,667.0,616.0,50.0,4.0,1.0,,,,,,
11/7/20,401081.0,,9.0,676.0,623.0,52.0,3.0,1.0,,,,,,
11/8/20,401093.0,,12.0,688.0,627.0,60.0,4.0,1.0,,,,,,
11/9/20,406876.0,,2.0,690.0,632.0,57.0,5.0,1.0,,,,,,
11/10/20,413860.0,,9.0,699.0,635.0,63.0,8.0,1.0,,,,,,
11/11/20,420734.0,,19.0,718.0,644.0,73.0,9.0,1.0,,,,,,
11/12/20,427368.0,,30.0,748.0,646.0,101.0,10.0,1.0,,,,,,
11/13/20,433861.0,,23.0,771.0,653.0,117.0,10.0,1.0,,,,,,
11/14/20,440363.0,,20.0,791.0,663.0,127.0,4.0,1.0,,,,,,
11/15/20,443449.0,,17.0,808.0,665.0,142.0,4.0,1.0,,,,,,
11/16/20,446278.0,,6.0,814.0,678.0,135.0,7.0,1.0,,,,,,
11/17/20,452890.0,,9.0,823.0,688.0,134.0,6.0,1.0,,,,,,
11/18/20,459386.0,,11.0,834.0,696.0,137.0,5.0,1.0,,,,,,
11/19/20,465685.0,,18.0,852.0,707.0,144.0,6.0,1.0,,,,,,
11/20/20,471551.0,,38.0,890.0,731.0,158.0,7.0,1.0,,,,,,
11/21/20,480145.0,,23.0,913.0,762.0,150.0,7.0,1.0,,,,,,
11/22/20,482528.0,,25.0,938.0,804.0,133.0,5.0,1.0,,,,,,
11/23/20,484840.0,,11.0,949.0,819.0,129.0,4.0,1.0,,,,,,
11/24/20,490876.0,,18.0,967.0,836.0,130.0,8.0,1.0,,,,,,
11/25/20,495348.0,,35.0,1002.0,868.0,133.0,5.0,1.0,,,,,,
11/26/20,501001.0,,25.0,1027.0,872.0,154.0,4.0,1.0,,,,,,
11/27/20,503174.0,,31.0,1058.0,882.0,175.0,2.0,1.0,,,,,,
11/28/20,506514.0,,29.0,1087.0,896.0,188.0,6.0,3.0,,,,,,
11/29/20,507714.0,,13.0,1100.0,917.0,179.0,9.0,4.0,,,,,,
11/30/20,509126.0,,29.0,1129.0,932.0,193.0,10.0,4.0,,,,,,
12/1/20,512035.0,1336.0,34.0,1163.0,940.0,219.0,5.0,4.0,,,,,,
12/2/20,512061.0,2899.0,26.0,1189.0,959.0,226.0,4.0,4.0,,,,,,
12/3/20,512600.0,3461.0,23.0,1212.0,975.0,233.0,5.0,4.0,,,,,,
12/4/20,516504.0,2485.0,38.0,1250.0,995.0,251.0,3.0,4.0,,,,,,
12/5/20,520930.0,2865.0,24.0,1274.0,1013.0,257.0,4.0,4.0,,,,,,
12/6/20,521276.0,3166.0,25.0,1299.0,1053.0,242.0,4.0,4.0,,,,,,
12/7/20,521748.0,707.0,61.0,1360.0,1062.0,293.0,4.0,5.0,,,,,,
12/8/20,521770.0,828.0,22.0,1382.0,1090.0,287.0,10.0,5.0,,,,,,
12/9/20,530123.0,4605.0,26.0,1408.0,1112.0,291.0,10.0,5.0,,,,,,
12/10/20,533569.0,3234.0,27.0,1435.0,1125.0,305.0,9.0,5.0,,,,,,
12/11/20,537302.0,3501.0,47.0,1482.0,1156.0,321.0,12.0,5.0,,,,,,
12/12/20,539631.0,3085.0,33.0,1515.0,1202.0,307.0,8.0,6.0,,,,,,
12/13/20,542150.0,436.0,30.0,1545.0,1231.0,308.0,8.0,6.0,,,,,,
12/14/20,542280.0,130.0,23.0,1568.0,1273.0,289.0,13.0,6.0,,,,,,
12/15/20,542775.0,495.0,25.0,1593.0,1315.0,272.0,12.0,6.0,,,,,,
12/16/20,545567.0,2792.0,33.0,1626.0,1360.0,260.0,12.0,6.0,,,,,,
12/17/20,548753.0,3186.0,37.0,1663.0,1398.0,259.0,11.0,6.0,,,,,,
12/18/20,551590.0,2837.0,20.0,1683.0,1429.0,248.0,9.0,6.0,,,,,,
12/19/20,554093.0,2503.0,51.0,1734.0,1476.0,252.0,10.0,6.0,,,,,,
12/20/20,557905.0,3812.0,18.0,1752.0,1494.0,252.0,14.0,6.0,,,,,,
12/21/20,558417.0,512.0,15.0,1767.0,1534.0,221.0,12.0,12.0,,,,,,
12/22/20,559110.0,693.0,30.0,1797.0,1569.0,216.0,13.0,12.0,,,,,,
12/23/20,561784.0,2674.0,30.0,1827.0,1595.0,219.0,14.0,13.0,,,,,,
12/24/20,564374.0,2590.0,43.0,1870.0,1619.0,238.0,16.0,13.0,,,,,,
12/25/20,566307.0,1933.0,37.0,1907.0,1642.0,252.0,16.0,13.0,,,,,,
12/26/20,566516.0,209.0,6.0,1913.0,1672.0,228.0,24.0,13.0,,,,,,
12/27/20,566808.0,292.0,21.0,1934.0,1696.0,225.0,26.0,13.0,,,,,,
12/28/20,568519.0,1711.0,14.0,1948.0,1709.0,226.0,29.0,13.0,,,,,,
12/29/20,569049.0,530.0,42.0,1990.0,1735.0,242.0,25.0,13.0,,,,,,
12/30/20,570975.0,1926.0,41.0,2031.0,1766.0,251.0,23.0,14.0,,,,,,
12/31/20,573003.0,2028.0,38.0,2069.0,1786.0,269.0,22.0,14.0,,,,,,
1/2/21,575037.0,2034.0,27.0,2096.0,1815.0,267.0,30.0,14.0,,,,,,
1/3/21,575400.0,363.0,13.0,2109.0,1843.0,251.0,31.0,15.0,,,,,,
1/4/21,577277.0,1877.0,18.0,2127.0,1859.0,252.0,31.0,16.0,,,,,,
1/5/21,578515.0,1238.0,50.0,2177.0,1876.0,285.0,24.0,16.0,,,,,,
1/6/21,580810.0,2295.0,54.0,2231.0,1896.0,318.0,20.0,17.0,,,,,,
1/7/21,582384.0,1574.0,49.0,2280.0,1939.0,324.0,22.0,17.0,,,,,,
1/8/21,585048.0,2664.0,49.0,2329.0,1982.0,330.0,32.0,17.0,,,,,,
1/9/21,587382.0,2334.0,26.0,2355.0,2022.0,316.0,21.0,17.0,,,,,,
1/10/21,589402.0,2020.0,17.0,2372.0,2062.0,293.0,21.0,17.0,,,,,,
1/11/21,590338.0,936.0,13.0,2385.0,2099.0,269.0,20.0,17.0,,,,,,
1/12/21,591430.0,1092.0,39.0,2424.0,2140.0,266.0,29.0,18.0,,,,,,
1/13/21,593879.0,2449.0,27.0,2451.0,2164.0,269.0,9.0,18.0,,,,,,
1/14/21,595886.0,2007.0,43.0,2494.0,2198.0,278.0,12.0,18.0,,,,,,
1/15/21,599076.0,3190.0,41.0,2535.0,2227.0,289.0,10.0,19.0,,,,,,
1/16/21,602107.0,3031.0,40.0,2575.0,2270.0,286.0,16.0,19.0,,,,,,
1/17/21,604993.0,2886.0,33.0,2608.0,2316.0,273.0,21.0,19.0,,,,,,
1/18/21,606158.0,1165.0,18.0,2626.0,2346.0,261.0,21.0,19.0,,,,,,
1/19/21,607432.0,1274.0,51.0,2677.0,2385.0,273.0,18.0,19.0,,,,,,
1/20/21,608343.0,911.0,62.0,2739.0,2423.0,295.0,17.0,21.0,,,,,,
1/21/21,613763.0,5420.0,31.0,2770.0,2450.0,299.0,19.0,21.0,,,,,,
1/22/21,617570.0,3807.0,32.0,2802.0,2480.0,301.0,22.0,21.0,,,,,,
1/23/21,621570.0,4000.0,20.0,2822.0,2504.0,297.0,20.0,21.0,,,,,,
1/25/21,626148.0,4578.0,10.0,2832.0,2542.0,269.0,19.0,21.0,,,,,,
1/26/21,629615.0,3467.0,14.0,2846.0,2576.0,248.0,13.0,22.0,,,,,,
1/27/21,634379.0,4764.0,31.0,2877.0,2620.0,235.0,8.0,22.0,,,,,,
1/28/21,639495.0,5116.0,24.0,2901.0,2652.0,227.0,9.0,22.0,,,,,,
1/29/21,644364.0,4869.0,30.0,2931.0,2680.0,228.0,11.0,23.0,7406.0,1390.0,,,,
1/30/21,649136.0,4772.0,23.0,2954.0,2708.0,223.0,12.0,23.0,7406.0,1390.0,,,,
1/31/21,653276.0,4140.0,21.0,2975.0,2738.0,214.0,12.0,23.0,7406.0,1390.0,,,,
2/1/21,656604.0,3328.0,14.0,2989.0,2766.0,200.0,12.0,23.0,7406.0,1390.0,,,,
2/2/21,660467.0,3863.0,29.0,3018.0,2789.0,204.0,15.0,25.0,7406.0,1390.0,,,,
2/3/21,666349.0,5882.0,16.0,3034.0,2806.0,203.0,9.0,25.0,7406.0,1390.0,,,,
2/4/21,669756.0,3407.0,41.0,3075.0,2821.0,229.0,9.0,25.0,7406.0,2441.0,,,,
2/5/21,677726.0,7970.0,28.0,3103.0,2839.0,239.0,7.0,25.0,7436.0,3111.0,,,,
2/6/21,684643.0,6917.0,25.0,3128.0,2879.0,223.0,5.0,26.0,7436.0,3748.0,,,,
2/7/21,689721.0,5078.0,37.0,3165.0,2922.0,217.0,4.0,26.0,8336.0,3918.0,,,,
2/8/21,693290.0,3569.0,27.0,3192.0,2948.0,218.0,4.0,26.0,8336.0,4490.0,,,,
2/9/21,697613.0,4323.0,9.0,3201.0,2963.0,212.0,6.0,26.0,8406.0,4528.0,,,,
2/10/21,705462.0,7849.0,15.0,3216.0,2978.0,211.0,5.0,27.0,8406.0,5248.0,,,,
2/11/21,711820.0,6358.0,28.0,3244.0,2988.0,229.0,3.0,27.0,8406.0,6067.0,,,,
2/12/21,716887.0,5067.0,12.0,3256.0,3007.0,222.0,1.0,27.0,8413.0,6710.0,,,,
2/13/21,723640.0,6753.0,23.0,3279.0,3034.0,218.0,2.0,27.0,8413.0,6710.0,,,,
2/14/21,728747.0,5107.0,12.0,3291.0,3057.0,207.0,2.0,27.0,8413.0,6710.0,,,,
2/15/21,731759.0,3012.0,9.0,3300.0,3088.0,185.0,3.0,27.0,8413.0,6710.0,,,,
2/16/21,735866.0,4107.0,7.0,3307.0,3122.0,158.0,6.0,27.0,9293.0,6710.0,,,,
2/17/21,743436.0,7570.0,5.0,3312.0,3144.0,141.0,6.0,27.0,9293.0,6710.0,,,,
2/18/21,749497.0,6061.0,5.0,3317.0,3161.0,129.0,4.0,27.0,9293.0,6728.0,,,,
2/19/21,755465.0,5968.0,19.0,3336.0,3172.0,137.0,3.0,27.0,9293.0,6728.0,,,,
2/20/21,763021.0,7556.0,15.0,3351.0,3188.0,136.0,2.0,27.0,9509.0,6728.0,,,,
2/21/21,767659.0,4638.0,11.0,3362.0,3196.0,139.0,2.0,27.0,9509.0,6728.0,,,,
2/22/21,770561.0,2902.0,7.0,3369.0,3205.0,137.0,3.0,27.0,9509.0,6728.0,,,,
2/23/21,773474.0,2913.0,11.0,3380.0,3221.0,132.0,3.0,27.0,9509.0,6748.0,,,,
2/24/21,780273.0,6799.0,9.0,3389.0,3239.0,123.0,2.0,27.0,10029.0,6749.0,,,,
2/25/21,786935.0,6662.0,14.0,3403.0,3264.0,112.0,3.0,27.0,10032.0,7114.0,,,,
2/26/21,791923.0,4988.0,12.0,3415.0,3269.0,119.0,3.0,27.0,10032.0,7114.0,,,,
2/27/21,799450.0,7527.0,7.0,3422.0,3289.0,106.0,4.0,27.0,10032.0,7114.0,,,,
2/28/21,804624.0,5174.0,10.0,3432.0,3310.0,95.0,3.0,27.0,10829.0,7116.0,,,,
3/1/21,807887.0,3263.0,5.0,3437.0,3319.0,91.0,3.0,27.0,10829.0,7116.0,,,,
3/2/21,812768.0,4881.0,3.0,3440.0,3337.0,76.0,3.0,27.0,10829.0,7116.0,,,,
3/3/21,819958.0,7190.0,12.0,3452.0,3344.0,81.0,2.0,27.0,11649.0,7116.0,,,,
3/4/21,826844.0,6886.0,16.0,3468.0,3349.0,92.0,2.0,27.0,11649.0,7116.0,,,,
3/5/21,832894.0,6050.0,11.0,3479.0,3359.0,93.0,0.0,27.0,12499.0,7146.0,,,,
3/6/21,841019.0,8125.0,10.0,3489.0,3368.0,93.0,0.0,28.0,13668.0,7146.0,,,,
3/7/21,845217.0,4198.0,14.0,3503.0,3384.0,91.0,0.0,28.0,13674.0,8036.0,,,,
3/8/21,847227.0,2010.0,8.0,3511.0,3393.0,90.0,0.0,28.0,13795.0,8036.0,,,,
3/9/21,852585.0,5358.0,10.0,3521.0,3404.0,88.0,1.0,29.0,13795.0,8106.0,,,,
3/10/21,859869.0,7284.0,15.0,3536.0,3409.0,98.0,0.0,29.0,13795.0,8106.0,,,,
3/11/21,865468.0,5599.0,25.0,3561.0,3423.0,109.0,1.0,29.0,14965.0,8106.0,,,,
3/12/21,871119.0,5651.0,15.0,3576.0,3431.0,116.0,1.0,29.0,14965.0,8106.0,,,,
3/13/21,877831.0,6712.0,12.0,3588.0,3439.0,120.0,0.0,29.0,14970.0,8316.0,,,,
3/14/21,883742.0,5911.0,15.0,3603.0,3446.0,127.0,1.0,30.0,14970.0,8316.0,,,,
3/15/21,886571.0,2829.0,7.0,3610.0,3459.0,121.0,1.0,30.0,14970.0,8316.0,,,,
3/16/21,892277.0,5706.0,14.0,3624.0,3467.0,127.0,1.0,30.0,14970.0,9203.0,,,,
3/17/21,899603.0,7326.0,21.0,3645.0,3476.0,139.0,0.0,30.0,14970.0,9203.0,,,,
3/18/21,906516.0,6913.0,28.0,3673.0,3483.0,160.0,0.0,30.0,15760.0,9203.0,,,,
3/19/21,914190.0,7674.0,24.0,3697.0,3499.0,168.0,0.0,30.0,15760.0,9203.0,,,,
3/20/21,922775.0,8585.0,23.0,3720.0,3528.0,162.0,0.0,30.0,15760.0,9203.0,,,,
3/21/21,928094.0,5319.0,12.0,3732.0,3546.0,156.0,0.0,30.0,15760.0,9203.0,,,,
3/22/21,931645.0,3551.0,7.0,3739.0,3559.0,150.0,1.0,30.0,15760.0,9203.0,,,,
3/23/21,938080.0,6435.0,5.0,3744.0,3569.0,145.0,1.0,30.0,15760.0,9203.0,,,,
3/24/21,945851.0,7771.0,17.0,3761.0,3579.0,152.0,1.0,30.0,15760.0,9203.0,,,,
3/25/21,953470.0,7619.0,24.0,3785.0,3591.0,164.0,3.0,30.0,15760.0,9203.0,,,,
3/26/21,959804.0,6334.0,33.0,3818.0,3602.0,186.0,2.0,30.0,18102.0,9710.0,,,,
3/27/21,967869.0,8065.0,23.0,3841.0,3631.0,180.0,2.0,30.0,18102.0,9710.0,,,,
3/28/21,972880.0,5011.0,29.0,3870.0,3647.0,193.0,2.0,30.0,18102.0,9710.0,,,,
3/29/21,976273.0,3393.0,14.0,3884.0,3665.0,189.0,0.0,30.0,18102.0,9710.0,,,,
3/30/21,981758.0,5485.0,13.0,3897.0,3688.0,179.0,1.0,30.0,19937.0,10176.0,,,,
3/31/21,990167.0,8409.0,17.0,3914.0,3700.0,184.0,2.0,30.0,19937.0,10176.0,40566.0,19738.0,,
4/1/21,996374.0,6207.0,19.0,3933.0,3713.0,190.0,3.0,30.0,19937.0,10176.0,40566.0,19738.0,,
4/2/21,1002284.0,5910.0,18.0,3951.0,3720.0,201.0,3.0,30.0,21771.0,12946.0,41169.0,22123.0,,
4/3/21,1009909.0,7625.0,8.0,3959.0,3747.0,182.0,3.0,30.0,21771.0,12946.0,42047.0,23561.0,,
4/4/21,1013709.0,3800.0,11.0,3970.0,3780.0,160.0,5.0,30.0,21771.0,12946.0,43816.0,23965.0,,
4/5/21,1016647.0,2938.0,4.0,3974.0,3807.0,137.0,4.0,30.0,21771.0,12946.0,44376.0,24348.0,,
4/6/21,1021240.0,4593.0,6.0,3980.0,3837.0,113.0,3.0,30.0,21771.0,12946.0,44739.0,24633.0,,
4/7/21,1028232.0,6992.0,6.0,3986.0,3857.0,99.0,4.0,30.0,22937.0,14120.0,46405.0,25145.0,,
4/8/21,1034194.0,5962.0,8.0,3994.0,3868.0,96.0,6.0,30.0,22937.0,14120.0,46892.0,25967.0,,
4/9/21,1040365.0,6171.0,9.0,4003.0,3880.0,93.0,5.0,30.0,22937.0,14120.0,47725.0,27294.0,,
4/10/21,1047555.0,7190.0,10.0,4013.0,3896.0,87.0,4.0,30.0,24377.0,15500.0,49788.0,28093.0,,
4/11/21,1051919.0,4364.0,9.0,4022.0,3902.0,90.0,4.0,30.0,24377.0,15500.0,51797.0,28909.0,,
4/12/21,1055792.0,3873.0,5.0,4027.0,3912.0,85.0,6.0,30.0,24377.0,15500.0,52389.0,29690.0,,
4/13/21,1061207.0,5415.0,5.0,4032.0,3922.0,80.0,6.0,30.0,25700.0,16696.0,53080.0,30417.0,,
4/14/21,1069549.0,8342.0,13.0,4045.0,3930.0,85.0,6.0,30.0,25700.0,16696.0,53570.0,32202.0,,
4/15/21,1074628.0,5079.0,14.0,4059.0,3938.0,91.0,3.0,30.0,25700.0,16696.0,54051.0,33823.0,,
4/16/21,1080533.0,5905.0,7.0,4066.0,3950.0,86.0,4.0,30.0,25704.0,19637.0,54299.0,34974.0,,
4/17/21,1087505.0,6972.0,12.0,4078.0,3964.0,84.0,3.0,30.0,25704.0,19637.0,55665.0,35398.0,,
4/18/21,1092097.0,4592.0,6.0,4084.0,3973.0,81.0,5.0,30.0,25704.0,19637.0,57372.0,35832.0,,
4/19/21,1095416.0,3319.0,4.0,4088.0,3980.0,78.0,4.0,30.0,25704.0,19637.0,57692.0,36265.0,,
4/20/21,1098886.0,3470.0,2.0,4090.0,3995.0,65.0,4.0,30.0,28116.0,19654.0,57906.0,36688.0,,
4/21/21,1107244.0,8358.0,11.0,4101.0,4008.0,63.0,5.0,30.0,28116.0,19654.0,58098.0,37169.0,,
4/22/21,1112185.0,4941.0,11.0,4112.0,4024.0,58.0,5.0,30.0,28116.0,19654.0,58273.0,37629.0,,
4/23/21,1118836.0,6651.0,10.0,4122.0,4027.0,65.0,6.0,30.0,28116.0,20781.0,58273.0,37629.0,,
4/24/21,1125826.0,6990.0,18.0,4140.0,4038.0,72.0,7.0,30.0,28116.0,20781.0,58819.0,39842.0,,
4/25/21,1129226.0,3400.0,2.0,4142.0,4051.0,61.0,5.0,30.0,28116.0,20781.0,59056.0,40476.0,,
4/26/21,1131479.0,2253.0,0.0,4142.0,4056.0,56.0,6.0,30.0,28116.0,20781.0,60125.0,40845.0,,
4/27/21,1137298.0,5819.0,4.0,4146.0,4063.0,53.0,6.0,30.0,29226.0,20805.0,60233.0,41231.0,,
4/28/21,1143346.0,6048.0,7.0,4153.0,4067.0,55.0,5.0,31.0,29226.0,20805.0,60351.0,41655.0,,
4/29/21,1148278.0,4932.0,11.0,4164.0,4075.0,58.0,8.0,31.0,29226.0,20805.0,60581.0,42755.0,,
4/30/21,1153636.0,5358.0,6.0,4170.0,4077.0,62.0,8.0,31.0,29236.0,22630.0,61266.0,45018.0,,
5/1/21,1159467.0,5831.0,8.0,4178.0,4084.0,63.0,8.0,31.0,29236.0,22630.0,61785.0,45837.0,,
5/2/21,1163081.0,3614.0,8.0,4186.0,4096.0,59.0,8.0,31.0,29236.0,22630.0,61932.0,46224.0,,
5/3/21,1165625.0,2544.0,4.0,4190.0,4112.0,47.0,7.0,31.0,29236.0,22630.0,61987.0,46501.0,,
5/4/21,1170299.0,4674.0,2.0,4192.0,4117.0,44.0,7.0,31.0,29236.0,22975.0,62034.0,46796.0,,
5/5/21,1176187.0,5888.0,15.0,4207.0,4123.0,53.0,4.0,31.0,29236.0,22975.0,62256.0,47617.0,,
5/6/21,1180483.0,4296.0,7.0,4214.0,4129.0,54.0,3.0,31.0,29236.0,22975.0,62451.0,49635.0,,
5/7/21,1185754.0,5271.0,6.0,4220.0,4140.0,49.0,3.0,31.0,30016.0,24404.0,62786.0,50529.0,,
5/8/21,1190971.0,5217.0,6.0,4226.0,4145.0,50.0,2.0,31.0,30016.0,24404.0,62906.0,50912.0,,
5/9/21,1193426.0,2455.0,8.0,4234.0,4152.0,51.0,2.0,31.0,30016.0,24404.0,63078.0,51380.0,,
5/10/21,1195633.0,2207.0,1.0,4235.0,4156.0,48.0,2.0,31.0,30016.0,24404.0,63267.0,51775.0,,
5/11/21,1200949.0,5316.0,3.0,4238.0,4161.0,46.0,3.0,31.0,30016.0,24686.0,63338.0,52052.0,,
5/12/21,1201847.0,898.0,3.0,4241.0,4167.0,43.0,2.0,31.0,30016.0,24686.0,63415.0,52334.0,,
5/13/21,1208023.0,6176.0,8.0,4249.0,4174.0,44.0,2.0,31.0,30016.0,24686.0,63440.0,53164.0,,
5/14/21,1212497.0,4474.0,10.0,4259.0,4182.0,46.0,4.0,31.0,30016.0,28092.0,63627.0,54119.0,,
5/15/21,1216322.0,3825.0,16.0,4275.0,4190.0,54.0,2.0,31.0,,,63972.0,56290.0,,
5/16/21,1219905.0,3583.0,7.0,4282.0,4197.0,54.0,2.0,31.0,,,64206.0,56416.0,,
5/17/21,1222843.0,2938.0,6.0,4288.0,4205.0,52.0,2.0,31.0,,,64320.0,56521.0,,
5/18/21,1227043.0,4200.0,2.0,4290.0,4212.0,47.0,2.0,31.0,,,64370.0,56583.0,,
5/19/21,1231067.0,4024.0,16.0,4306.0,4225.0,50.0,2.0,31.0,,,64620.0,56798.0,,
5/20/21,1234738.0,3671.0,8.0,4314.0,4230.0,53.0,2.0,31.0,,,64881.0,57862.0,,
5/21/21,1238095.0,3357.0,5.0,4319.0,4235.0,53.0,2.0,31.0,,,65353.0,58047.0,,
5/22/21,1240905.0,2810.0,6.0,4325.0,4241.0,53.0,3.0,31.0,,,65622.0,58148.0,,
5/23/21,1243914.0,3009.0,9.0,4334.0,4252.0,51.0,2.0,31.0,,,65755.0,58238.0,,
5/24/21,1245676.0,1762.0,1.0,4335.0,4259.0,45.0,2.0,31.0,,,66506.0,58374.0,,
5/25/21,1248212.0,2536.0,0.0,4335.0,4262.0,42.0,2.0,31.0,,,66575.0,58432.0,,
5/26/21,1250640.0,2428.0,4.0,4339.0,4269.0,39.0,3.0,31.0,,,66678.0,58569.0,,
5/27/21,1253344.0,2704.0,6.0,4345.0,4273.0,41.0,3.0,31.0,,,66848.0,59080.0,,
5/28/21,1255502.0,2158.0,1.0,4346.0,4281.0,34.0,3.0,31.0,,,66984.0,59538.0,,
5/29/21,1258830.0,3328.0,4.0,4350.0,4287.0,32.0,4.0,31.0,,,67146.0,59642.0,,
5/30/21,1259345.0,515.0,7.0,4357.0,4293.0,33.0,4.0,31.0,,,66848.0,59740.0,,
6/1/21,1260148.0,803.0,3.0,4360.0,4298.0,31.0,4.0,31.0,,,67436.0,60008.0,,
6/2/21,1261377.0,1229.0,3.0,4363.0,4307.0,25.0,4.0,31.0,,,67499.0,60159.0,,
6/3/21,1262765.0,1388.0,8.0,4371.0,4310.0,30.0,1.0,31.0,,,67593.0,60286.0,,
6/4/21,1263734.0,969.0,3.0,4374.0,4312.0,31.0,1.0,31.0,,,67715.0,60555.0,,
6/5/21,1264605.0,871.0,2.0,4376.0,4317.0,28.0,0.0,31.0,,,67864.0,60733.0,,
6/6/21,1264797.0,192.0,2.0,4378.0,4324.0,23.0,2.0,31.0,,,67981.0,60959.0,,
6/7/21,1264950.0,153.0,3.0,4381.0,4329.0,21.0,2.0,31.0,,,68045.0,61110.0,,
6/8/21,1265820.0,870.0,0.0,4381.0,4329.0,21.0,2.0,31.0,,,68096.0,61266.0,,
6/9/21,1266724.0,904.0,3.0,4384.0,4334.0,19.0,3.0,31.0,,,68155.0,61514.0,,
6/10/21,1267414.0,690.0,0.0,4384.0,4336.0,17.0,3.0,31.0,,,68263.0,61727.0,,
6/11/21,1268064.0,650.0,0.0,4384.0,4341.0,12.0,2.0,31.0,,,68411.0,62111.0,,
6/12/21,1268761.0,697.0,3.0,4387.0,4342.0,14.0,2.0,31.0,,,68502.0,62408.0,,
6/13/21,1268987.0,226.0,0.0,4387.0,4342.0,14.0,2.0,31.0,,,68655.0,62961.0,,
6/14/21,1269075.0,88.0,0.0,4387.0,4346.0,10.0,2.0,31.0,,,68691.0,63603.0,,
6/15/21,1269602.0,527.0,0.0,4387.0,4348.0,8.0,2.0,31.0,,,68725.0,63688.0,,
6/16/21,1270408.0,806.0,0.0,4387.0,4349.0,7.0,2.0,31.0,,,68835.0,63968.0,,
6/17/21,1271274.0,866.0,3.0,4390.0,4349.0,10.0,3.0,31.0,,,68924.0,64136.0,,
6/18/21,1271890.0,616.0,1.0,4391.0,4352.0,8.0,3.0,31.0,,,69000.0,64296.0,,
6/19/21,1272348.0,458.0,0.0,4391.0,4352.0,8.0,2.0,31.0,,,69115.0,64445.0,,
6/20/21,1272486.0,138.0,0.0,4391.0,4355.0,5.0,1.0,31.0,,,69186.0,64572.0,,
6/21/21,1272570.0,84.0,2.0,4393.0,4355.0,7.0,2.0,31.0,,,69252.0,64644.0,,
6/22/21,1272925.0,355.0,1.0,4394.0,4356.0,7.0,2.0,31.0,,,69286.0,64699.0,,
6/23/21,1273512.0,587.0,2.0,4396.0,4357.0,8.0,3.0,31.0,,,69328.0,64748.0,,
6/24/21,1274069.0,557.0,3.0,4399.0,4358.0,10.0,2.0,31.0,,,69414.0,64841.0,,
6/25/21,1274511.0,442.0,1.0,4400.0,4359.0,10.0,2.0,31.0,,,69493.0,64960.0,,
6/26/21,1275002.0,491.0,0.0,4400.0,4361.0,8.0,2.0,31.0,,,69555.0,65144.0,,
6/27/21,1275195.0,193.0,2.0,4402.0,4362.0,9.0,2.0,31.0,,,69620.0,65712.0,,
6/28/21,1275267.0,72.0,0.0,4402.0,4362.0,9.0,2.0,31.0,,,69663.0,65768.0,,
6/29/21,1275629.0,362.0,0.0,4402.0,4365.0,6.0,1.0,31.0,,,69683.0,65799.0,,
6/30/21,1275984.0,355.0,0.0,4402.0,4366.0,5.0,1.0,31.0,,,69719.0,65859.0,,
7/1/21,1276440.0,456.0,1.0,4403.0,4366.0,6.0,0.0,31.0,,,69781.0,65942.0,,
7/2/21,1276901.0,461.0,1.0,4404.0,4367.0,6.0,0.0,31.0,,,69822.0,65996.0,,
7/3/21,1277321.0,420.0,1.0,4405.0,4368.0,6.0,0.0,31.0,,,69878.0,66036.0,,
7/4/21,1277484.0,163.0,0.0,4405.0,4371.0,3.0,0.0,31.0,,,69941.0,66106.0,,
7/6/21,1277606.0,122.0,3.0,4408.0,4372.0,5.0,0.0,31.0,,,69982.0,66173.0,,
7/7/21,1278000.0,394.0,1.0,4409.0,4372.0,6.0,1.0,31.0,,,70007.0,66219.0,,
7/8/21,1278509.0,509.0,0.0,4409.0,4372.0,6.0,2.0,31.0,,,70078.0,66308.0,,
7/9/21,1278916.0,407.0,0.0,4409.0,4372.0,6.0,1.0,31.0,,,70078.0,66308.0,,
7/10/21,1279305.0,389.0,3.0,4412.0,4372.0,9.0,2.0,31.0,,,,,,
7/11/21,1279396.0,91.0,0.0,4412.0,4372.0,9.0,2.0,31.0,,,,,,
7/12/21,1279494.0,98.0,0.0,4412.0,4374.0,7.0,1.0,31.0,,,70126.0,66484.0,,
7/13/21,1279694.0,200.0,2.0,4414.0,4377.0,6.0,1.0,31.0,,,70193.0,66511.0,,
7/14/21,1280196.0,502.0,1.0,4415.0,4377.0,7.0,1.0,31.0,,,70221.0,66569.0,,
7/15/21,1280544.0,348.0,2.0,4417.0,4378.0,8.0,1.0,31.0,,,70246.0,66607.0,,
7/16/21,1280918.0,374.0,1.0,4418.0,4378.0,9.0,0.0,31.0,,,70273.0,66662.0,,
7/17/21,1281211.0,293.0,2.0,4420.0,4379.0,10.0,1.0,31.0,,,70337.0,66780.0,,
7/18/21,1281379.0,168.0,0.0,4420.0,4381.0,8.0,1.0,31.0,,,70337.0,66780.0,,
7/19/21,1281426.0,47.0,0.0,4420.0,4384.0,5.0,1.0,31.0,,,70376.0,66818.0,,
7/20/21,1281696.0,270.0,0.0,4420.0,4386.0,3.0,1.0,31.0,,,70383.0,66843.0,,
7/21/21,1282170.0,474.0,2.0,4422.0,4387.0,4.0,1.0,31.0,,,70412.0,66882.0,,
7/22/21,1282586.0,416.0,1.0,4423.0,4388.0,4.0,1.0,31.0,,,70505.0,66951.0,,
7/23/21,1283105.0,519.0,6.0,4429.0,4388.0,10.0,1.0,31.0,,,70505.0,66951.0,,
7/24/21,1283536.0,431.0,7.0,4436.0,4389.0,16.0,1.0,31.0,,,,,,
7/25/21,1283614.0,78.0,2.0,4438.0,4390.0,17.0,1.0,31.0,,,,,,
7/26/21,1283661.0,47.0,0.0,4438.0,4391.0,16.0,1.0,31.0,,,70652.0,67093.0,,
7/27/21,1284103.0,442.0,3.0,4441.0,4393.0,17.0,2.0,31.0,,,70678.0,67099.0,,
7/28/21,1284647.0,544.0,12.0,4453.0,4395.0,27.0,1.0,31.0,,,70715.0,67130.0,,
7/29/21,1285248.0,601.0,20.0,4473.0,4395.0,47.0,2.0,31.0,,,70761.0,67173.0,,
7/30/21,1285903.0,655.0,15.0,4488.0,4400.0,57.0,1.0,31.0,,,70800.0,67196.0,,
7/31/21,1286690.0,787.0,12.0,4500.0,4402.0,67.0,2.0,31.0,,,70865.0,67256.0,,
8/1/21,1286845.0,155.0,7.0,4507.0,4407.0,69.0,2.0,31.0,,,70947.0,67322.0,,
8/2/21,1286948.0,103.0,7.0,4514.0,4410.0,73.0,2.0,31.0,,,71003.0,67347.0,,
8/3/21,1287669.0,721.0,6.0,4520.0,4417.0,71.0,0.0,32.0,,,71041.0,67372.0,,
8/4/21,1288543.0,874.0,20.0,4540.0,4422.0,86.0,1.0,32.0,,,71092.0,67395.0,,
8/5/21,1289230.0,687.0,8.0,4548.0,4430.0,86.0,1.0,32.0,,,71152.0,67434.0,,
8/6/21,1289955.0,725.0,13.0,4561.0,4439.0,90.0,3.0,32.0,,,71219.0,67469.0,,
8/7/21,1290626.0,671.0,10.0,4571.0,4450.0,89.0,5.0,32.0,,,71271.0,67503.0,,
8/8/21,1290774.0,148.0,13.0,4584.0,4470.0,82.0,7.0,32.0,,,71339.0,67544.0,,
8/9/21,1290862.0,88.0,9.0,4593.0,4483.0,78.0,10.0,32.0,,,71371.0,67570.0,,
8/10/21,1291492.0,630.0,8.0,4601.0,4495.0,74.0,10.0,32.0,,,71412.0,67593.0,,
8/11/21,1293041.0,1549.0,15.0,4616.0,4499.0,85.0,11.0,32.0,,,71458.0,67628.0,,
8/12/21,1294423.0,1382.0,25.0,4641.0,4517.0,92.0,9.0,32.0,,,71488.0,67650.0,,
8/13/21,1295601.0,1178.0,22.0,4663.0,4519.0,112.0,8.0,32.0,,,71555.0,67699.0,,
8/14/21,1296788.0,1187.0,15.0,4678.0,4526.0,120.0,11.0,32.0,,,71617.0,67731.0,,
8/15/21,1297065.0,277.0,21.0,4699.0,4544.0,123.0,13.0,32.0,,,71681.0,67773.0,,
8/16/21,1297322.0,257.0,12.0,4711.0,4554.0,125.0,13.0,32.0,,,71726.0,67811.0,,
8/17/21,1298186.0,864.0,5.0,4716.0,4576.0,108.0,14.0,32.0,,,71774.0,67844.0,,
8/18/21,1300184.0,1998.0,35.0,4751.0,4588.0,131.0,11.0,32.0,,,71839.0,67878.0,,
8/19/21,1302218.0,2034.0,24.0,4775.0,4589.0,153.0,12.0,33.0,,,71906.0,67908.0,,
8/20/21,1305277.0,3059.0,20.0,4795.0,4618.0,144.0,9.0,33.0,,,72012.0,67948.0,,
8/21/21,1306463.0,1186.0,24.0,4819.0,4642.0,144.0,11.0,33.0,,,72157.0,68004.0,,
8/22/21,1307161.0,698.0,26.0,4845.0,4659.0,153.0,9.0,33.0,,,72280.0,68057.0,,
8/23/21,1307515.0,354.0,15.0,4860.0,4674.0,153.0,8.0,33.0,,,72372.0,68121.0,,
8/24/21,1307932.0,417.0,11.0,4871.0,4684.0,154.0,3.0,33.0,,,72417.0,68161.0,,
8/25/21,1310344.0,2412.0,29.0,4900.0,4700.0,167.0,3.0,33.0,,,72487.0,68220.0,,
8/26/21,1314181.0,3837.0,32.0,4932.0,4713.0,186.0,5.0,33.0,,,72591.0,68278.0,,
8/27/21,1317361.0,3180.0,40.0,4972.0,4732.0,207.0,3.0,33.0,,,72750.0,68331.0,,
8/28/21,1321276.0,3915.0,62.0,5034.0,4756.0,244.0,3.0,34.0,,,72836.0,68380.0,,
8/29/21,1322519.0,1243.0,30.0,5064.0,4777.0,253.0,4.0,34.0,,,72967.0,68441.0,,
8/30/21,1323202.0,683.0,38.0,5102.0,4800.0,268.0,3.0,34.0,,,73031.0,68482.0,,
8/31/21,1325556.0,2354.0,130.0,5232.0,4834.0,364.0,5.0,34.0,,,73077.0,68517.0,,
9/1/21,1328735.0,3179.0,42.0,5274.0,4872.0,368.0,6.0,34.0,,,73175.0,68565.0,,
9/2/21,1335992.0,7257.0,79.0,5353.0,4891.0,428.0,6.0,34.0,,,73279.0,68644.0,,
9/3/21,1341775.0,5783.0,38.0,5391.0,4918.0,439.0,5.0,34.0,,,73370.0,68695.0,,
9/4/21,1347296.0,5521.0,57.0,5448.0,4958.0,456.0,6.0,34.0,,,73494.0,68756.0,,
9/5/21,1348161.0,865.0,71.0,5519.0,4997.0,488.0,4.0,34.0,,,73612.0,68795.0,,
9/6/21,1348434.0,273.0,19.0,5538.0,5062.0,442.0,4.0,34.0,,,73669.0,68821.0,,
9/7/21,1350726.0,2292.0,17.0,5555.0,5167.0,354.0,5.0,34.0,,,73730.0,68856.0,,
9/8/21,1354824.0,4098.0,32.0,5587.0,5240.0,313.0,6.0,34.0,,,73764.0,68871.0,,
9/9/21,1360369.0,5545.0,53.0,5640.0,5277.0,329.0,8.0,34.0,,,73831.0,68911.0,,
9/10/21,1365548.0,5179.0,53.0,5693.0,5349.0,310.0,9.0,34.0,,,73920.0,68987.0,,
9/11/21,1371315.0,5767.0,32.0,5725.0,5380.0,311.0,10.0,34.0,,,73987.0,69028.0,,
9/12/21,1371644.0,329.0,36.0,5761.0,5447.0,280.0,9.0,34.0,,,74081.0,69085.0,,
9/13/21,1372048.0,404.0,26.0,5787.0,5501.0,252.0,9.0,34.0,,,74137.0,69122.0,,
9/14/21,1375630.0,3582.0,14.0,5801.0,5545.0,221.0,10.0,35.0,,,74175.0,69170.0,,
9/15/21,1379384.0,3754.0,44.0,5845.0,5590.0,218.0,9.0,37.0,,,74248.0,69214.0,,
9/16/21,1383157.0,3773.0,38.0,5883.0,5619.0,227.0,11.0,37.0,,,74291.0,69261.0,,
9/17/21,1388372.0,5215.0,29.0,5912.0,5638.0,237.0,10.0,37.0,,,74358.0,69318.0,,
9/18/21,1394029.0,5657.0,41.0,5953.0,5680.0,236.0,7.0,37.0,,,74417.0,69466.0,,
9/19/21,1394294.0,265.0,52.0,6005.0,5721.0,247.0,9.0,37.0,,,74502.0,69509.0,,
9/20/21,1394928.0,634.0,13.0,6018.0,5739.0,242.0,9.0,37.0,,,74562.0,69559.0,,
9/21/21,1398155.0,3227.0,45.0,6063.0,5787.0,239.0,8.0,37.0,,,74594.0,69593.0,,
9/22/21,1402643.0,4488.0,46.0,6109.0,5851.0,221.0,7.0,37.0,,,74646.0,69650.0,,
9/23/21,1407623.0,4980.0,57.0,6166.0,5906.0,223.0,7.0,37.0,,,74701.0,69695.0,,
9/24/21,1413173.0,5550.0,43.0,6209.0,5951.0,221.0,5.0,37.0,,,74759.0,69760.0,,
9/25/21,1418849.0,5676.0,46.0,6255.0,5991.0,227.0,6.0,37.0,,,74817.0,69828.0,,
9/26/21,1419062.0,213.0,47.0,6302.0,6044.0,221.0,9.0,37.0,,,74887.0,69896.0,,
9/27/21,1420005.0,943.0,9.0,6311.0,6084.0,190.0,10.0,37.0,,,74887.0,69924.0,,
9/28/21,1422434.0,2429.0,31.0,6342.0,6111.0,194.0,11.0,37.0,,,74909.0,69945.0,,
9/29/21,1428283.0,5849.0,23.0,6365.0,6136.0,192.0,13.0,37.0,,,74940.0,69967.0,,
9/30/21,1432696.0,4413.0,18.0,6383.0,6157.0,189.0,12.0,37.0,,,74977.0,69999.0,,
10/1/21,1438486.0,5790.0,19.0,6402.0,6179.0,186.0,12.0,37.0,,,74989.0,70012.0,,
10/2/21,1442994.0,4508.0,23.0,6425.0,6211.0,177.0,8.0,37.0,,,75018.0,70073.0,,
10/3/21,1443126.0,132.0,22.0,6447.0,6235.0,175.0,7.0,37.0,,,75067.0,70105.0,,
10/4/21,1443931.0,805.0,5.0,6452.0,6273.0,142.0,7.0,37.0,,,75092.0,70143.0,,
10/5/21,1448864.0,4933.0,20.0,6472.0,6300.0,135.0,7.0,37.0,,,75109.0,70158.0,,
10/6/21,1452575.0,3711.0,15.0,6487.0,6322.0,128.0,7.0,37.0,,,75134.0,70183.0,,
10/7/21,1457341.0,4766.0,29.0,6516.0,6335.0,144.0,6.0,37.0,,,75162.0,70223.0,,
10/8/21,1463638.0,6297.0,26.0,6542.0,6354.0,151.0,5.0,37.0,,,75178.0,70233.0,,
10/9/21,1467510.0,3872.0,30.0,6572.0,6374.0,161.0,2.0,37.0,,,75206.0,70266.0,,
10/10/21,1468235.0,725.0,18.0,6590.0,6388.0,165.0,2.0,37.0,,,75241.0,70320.0,,
10/11/21,1469108.0,873.0,10.0,6600.0,6407.0,156.0,4.0,37.0,,,75266.0,70352.0,,
10/12/21,1470280.0,1172.0,4.0,6604.0,6428.0,139.0,5.0,37.0,,,75282.0,70365.0,,
10/13/21,1473850.0,3570.0,7.0,6611.0,6454.0,120.0,6.0,37.0,,,75318.0,70376.0,,
10/14/21,1479109.0,5259.0,28.0,6639.0,6466.0,136.0,5.0,37.0,,,75350.0,70399.0,,
10/15/21,1485408.0,6299.0,34.0,6673.0,6493.0,143.0,5.0,37.0,,,75381.0,70432.0,,
10/16/21,1490361.0,4953.0,22.0,6695.0,6525.0,133.0,5.0,37.0,,,75412.0,70469.0,,
10/17/21,1490578.0,217.0,31.0,6726.0,6536.0,153.0,4.0,37.0,,,75436.0,70501.0,,
10/18/21,1491057.0,479.0,3.0,6729.0,6556.0,136.0,4.0,37.0,,,75453.0,70524.0,,
10/19/21,1495796.0,4739.0,13.0,6742.0,6580.0,125.0,4.0,37.0,,,75472.0,70537.0,,
10/20/21,1500523.0,4727.0,17.0,6759.0,6600.0,122.0,4.0,37.0,,,75498.0,70557.0,,
10/21/21,1505109.0,4586.0,13.0,6772.0,6600.0,135.0,5.0,37.0,,,75521.0,70581.0,,
10/22/21,1509566.0,4457.0,24.0,6796.0,6613.0,146.0,4.0,37.0,,,75567.0,70622.0,,
10/23/21,1514441.0,4875.0,27.0,6823.0,6660.0,126.0,4.0,37.0,,,75612.0,70657.0,,
10/24/21,1514624.0,183.0,21.0,6844.0,6681.0,126.0,4.0,37.0,,,75649.0,70680.0,,
10/25/21,1515059.0,435.0,5.0,6849.0,6692.0,120.0,6.0,37.0,,,75669.0,70689.0,,
10/26/21,1517648.0,2589.0,5.0,6854.0,6714.0,103.0,6.0,37.0,,,75690.0,70710.0,,
10/27/21,1521977.0,4329.0,31.0,6885.0,6714.0,134.0,6.0,37.0,,,75710.0,70731.0,,
10/28/21,1526983.0,5006.0,13.0,6898.0,6751.0,110.0,7.0,37.0,,,75744.0,70751.0,,
10/29/21,1530160.0,3177.0,22.0,6920.0,6772.0,111.0,5.0,37.0,,,75792.0,70784.0,,
10/30/21,1535488.0,5328.0,18.0,6938.0,6786.0,115.0,5.0,37.0,,,75846.0,70829.0,,
10/31/21,1535679.0,191.0,6.0,6944.0,6798.0,109.0,4.0,37.0,,,75909.0,70875.0,,
11/1/21,1536433.0,754.0,3.0,6947.0,6811.0,99.0,3.0,37.0,,,75930.0,70890.0,,
11/2/21,1540059.0,3626.0,32.0,6979.0,6826.0,116.0,4.0,37.0,,,75944.0,70895.0,,
11/3/21,1546278.0,6219.0,9.0,6988.0,6849.0,102.0,4.0,37.0,,,75991.0,70919.0,,
11/4/21,1550356.0,4078.0,18.0,7006.0,6865.0,104.0,3.0,37.0,,,76021.0,70922.0,,
11/5/21,1554855.0,4499.0,20.0,7026.0,6882.0,106.0,4.0,38.0,,,76034.0,70936.0,,
11/6/21,1559444.0,4589.0,23.0,7049.0,6890.0,121.0,1.0,38.0,,,76047.0,70940.0,,
11/7/21,1559642.0,198.0,28.0,7077.0,6907.0,132.0,2.0,38.0,,,76683.0,70973.0,,
11/8/21,1560140.0,498.0,11.0,7088.0,6927.0,123.0,4.0,38.0,,,77297.0,70998.0,,
11/9/21,1563367.0,3227.0,20.0,7108.0,6935.0,143.0,4.0,38.0,,,77333.0,71011.0,,
11/10/21,1567487.0,4120.0,11.0,7119.0,6943.0,138.0,4.0,38.0,,,77388.0,71019.0,,
11/11/21,1571712.0,4225.0,38.0,7157.0,6967.0,152.0,4.0,38.0,,,77479.0,71041.0,,
11/12/21,1576249.0,4537.0,0.0,7157.0,6967.0,152.0,4.0,38.0,,,77636.0,71101.0,,
11/13/21,1580906.0,4657.0,71.0,7228.0,7009.0,181.0,4.0,38.0,,,77636.0,71101.0,,
11/14/21,1581072.0,166.0,34.0,7262.0,7037.0,187.0,7.0,38.0,,,78174.0,71117.0,,
11/15/21,1581569.0,497.0,1.0,7263.0,7058.0,167.0,6.0,38.0,,,78574.0,71117.0,,
11/16/21,1583729.0,2160.0,31.0,7294.0,7086.0,170.0,8.0,38.0,,,78579.0,71117.0,,
11/17/21,1588059.0,4330.0,22.0,7316.0,7086.0,192.0,9.0,38.0,,,78688.0,71133.0,,
11/18/21,1592384.0,4325.0,63.0,7379.0,7133.0,208.0,4.0,38.0,,,78714.0,71133.0,,
11/19/21,1597054.0,4670.0,13.0,7392.0,7164.0,190.0,3.0,38.0,,,78774.0,71146.0,,
11/20/21,1602411.0,5357.0,35.0,7427.0,7185.0,204.0,5.0,38.0,,,78821.0,71147.0,,
11/21/21,1602614.0,203.0,58.0,7485.0,7205.0,242.0,3.0,38.0,,,80041.0,72649.0,,
11/22/21,1603294.0,680.0,13.0,7498.0,7248.0,211.0,4.0,39.0,,,80295.0,72649.0,,
11/23/21,1605685.0,2391.0,32.0,7530.0,7297.0,194.0,6.0,39.0,,,80303.0,72649.0,,
11/24/21,1609844.0,4159.0,34.0,7564.0,7338.0,187.0,5.0,39.0,,,80357.0,72649.0,,
11/26/21,1615072.0,5228.0,32.0,7596.0,7350.0,207.0,7.0,39.0,,,80405.0,72649.0,,
11/27/21,1615220.0,148.0,72.0,7668.0,7421.0,208.0,6.0,39.0,,,80428.0,72649.0,,
11/28/21,1615379.0,159.0,18.0,7686.0,7455.0,192.0,8.0,39.0,,,80455.0,72649.0,,
11/29/21,1616611.0,1232.0,14.0,7700.0,7486.0,175.0,6.0,39.0,,,80465.0,72649.0,,
11/30/21,1619216.0,2605.0,46.0,7746.0,7508.0,199.0,5.0,39.0,,,80469.0,72649.0,,
12/1/21,1624426.0,5210.0,40.0,7786.0,7537.0,210.0,5.0,39.0,,,80496.0,72939.0,,
12/2/21,1627905.0,3479.0,61.0,7847.0,7561.0,247.0,6.0,39.0,,,80496.0,72939.0,,
12/3/21,1632827.0,4922.0,62.0,7909.0,7601.0,269.0,7.0,39.0,,,80590.0,73608.0,,
12/4/21,1639047.0,6220.0,53.0,7962.0,7621.0,302.0,8.0,39.0,,,80634.0,73658.0,,
12/5/21,1639347.0,300.0,102.0,8064.0,7684.0,341.0,8.0,39.0,,,80702.0,74111.0,,
12/6/21,1640407.0,1060.0,24.0,8088.0,7722.0,327.0,8.0,39.0,,,80733.0,74538.0,,
12/7/21,1642813.0,2406.0,48.0,8136.0,7757.0,340.0,8.0,39.0,,,80760.0,74546.0,,
12/8/21,1647310.0,4497.0,37.0,8173.0,7815.0,319.0,9.0,39.0,,,80800.0,74629.0,,
12/9/21,1652547.0,5237.0,74.0,8247.0,7854.0,354.0,9.0,39.0,,,80854.0,74683.0,,
12/10/21,1656053.0,3506.0,113.0,8360.0,7908.0,411.0,10.0,41.0,,,80915.0,74721.0,,
12/11/21,1663293.0,7240.0,110.0,8470.0,7963.0,466.0,10.0,41.0,,,80962.0,74767.0,,
12/12/21,1664240.0,947.0,344.0,8814.0,8001.0,772.0,9.0,41.0,,,81025.0,74939.0,,
12/13/21,1666280.0,2040.0,47.0,8861.0,8072.0,748.0,8.0,41.0,,,81086.0,74950.0,,
12/14/21,1669267.0,2987.0,193.0,9054.0,8123.0,886.0,10.0,45.0,,,81108.0,74959.0,,
12/15/21,1673726.0,4459.0,254.0,9308.0,8161.0,1102.0,9.0,45.0,,,81170.0,74992.0,,
12/16/21,1681565.0,7839.0,387.0,9695.0,8161.0,1489.0,8.0,45.0,,,81496.0,75297.0,,
12/17/21,1686638.0,5073.0,365.0,10060.0,8161.0,1853.0,12.0,46.0,,,81582.0,75322.0,,
12/18/21,1693892.0,7254.0,269.0,10329.0,8238.0,2045.0,13.0,46.0,,,81620.0,75355.0,,
12/19/21,1694712.0,820.0,523.0,10852.0,8265.0,2541.0,12.0,46.0,,,81680.0,75355.0,,
12/20/21,1696327.0,1615.0,41.0,10893.0,8367.0,2480.0,15.0,46.0,,,81680.0,75355.0,,
12/21/21,1697889.0,1562.0,110.0,11003.0,8367.0,2589.0,19.0,47.0,,,81731.0,75355.0,,
12/22/21,1699845.0,1956.0,41.0,11044.0,8367.0,2630.0,15.0,47.0,,,81753.0,75355.0,,
12/23/21,1702876.0,3031.0,172.0,11216.0,9147.0,2022.0,15.0,47.0,,,81764.0,75355.0,,
12/24/21,1705312.0,2436.0,143.0,11359.0,9392.0,1920.0,16.0,47.0,,,81764.0,75355.0,16.0,16.0
12/25/21,1707043.0,1731.0,118.0,11477.0,9917.0,1513.0,17.0,47.0,,,81772.0,75355.0,21.0,37.0
12/26/21,1707210.0,167.0,64.0,11541.0,10141.0,1353.0,17.0,47.0,,,81772.0,75355.0,26.0,63.0
12/27/21,1707351.0,141.0,27.0,11568.0,10349.0,1172.0,18.0,47.0,,,81772.0,75355.0,18.0,81.0
12/28/21,1712357.0,5006.0,21.0,11589.0,10588.0,954.0,17.0,47.0,,,81790.0,75355.0,60.0,141.0
12/29/21,1714161.0,1804.0,86.0,11675.0,10961.0,666.0,11.0,48.0,,,81798.0,75355.0,40.0,181.0
12/30/21,1715974.0,1813.0,280.0,11955.0,11023.0,884.0,11.0,48.0,,,81815.0,75355.0,45.0,226.0
12/31/21,1717425.0,1451.0,265.0,12220.0,11120.0,1052.0,10.0,48.0,,,81849.0,75355.0,47.0,273.0
1/1/22,1719594.0,2169.0,173.0,12393.0,11220.0,1125.0,10.0,48.0,,,81849.0,75355.0,39.0,312.0
1/2/22,1719849.0,255.0,189.0,12582.0,11258.0,1276.0,10.0,48.0,,,81849.0,75355.0,42.0,354.0
1/3/22,1720067.0,218.0,52.0,12634.0,11333.0,1253.0,9.0,48.0,,,81849.0,75355.0,79.0,433.0
1/4/22,1721158.0,1091.0,38.0,12672.0,11469.0,1155.0,10.0,48.0,,,81849.0,75355.0,87.0,520.0
1/5/22,1724015.0,2857.0,210.0,12882.0,11606.0,1228.0,11.0,48.0,,,81849.0,75355.0,90.0,610.0
1/6/22,1726348.0,2333.0,361.0,13243.0,11790.0,1404.0,15.0,49.0,,,81897.0,75355.0,67.0,677.0
1/7/22,1729461.0,3113.0,306.0,13549.0,12121.0,1379.0,16.0,49.0,,,81958.0,75355.0,68.0,745.0
1/8/22,1733125.0,3664.0,322.0,13871.0,12283.0,1539.0,16.0,49.0,,,81975.0,75355.0,50.0,795.0
1/9/22,1734007.0,882.0,297.0,14168.0,12462.0,1657.0,16.0,49.0,,,81985.0,75355.0,37.0,832.0
1/10/22,1736027.0,2020.0,48.0,14216.0,12619.0,1548.0,16.0,49.0,,,82053.0,75355.0,44.0,876.0
1/11/22,1736963.0,936.0,80.0,14296.0,12925.0,1322.0,21.0,49.0,,,82053.0,75355.0,72.0,948.0
1/12/22,1739855.0,2892.0,197.0,14493.0,13285.0,1159.0,21.0,49.0,,,82081.0,75355.0,53.0,1001.0
1/13/22,1742018.0,2163.0,257.0,14750.0,13506.0,1195.0,23.0,49.0,,,82121.0,75355.0,53.0,1054.0
1/14/22,1745302.0,3284.0,225.0,14975.0,13699.0,1226.0,17.0,50.0,,,82121.0,75355.0,52.0,1106.0
1/15/22,1747111.0,1809.0,247.0,15222.0,14035.0,1137.0,16.0,50.0,,,82249.0,75355.0,25.0,1131.0
1/16/22,1748894.0,1783.0,246.0,15468.0,14491.0,927.0,15.0,50.0,,,82303.0,75355.0,13.0,1144.0
1/17/22,1749699.0,805.0,73.0,15541.0,14739.0,752.0,14.0,50.0,,,82365.0,75355.0,28.0,1172.0
1/18/22,1750639.0,940.0,69.0,15610.0,15057.0,503.0,12.0,50.0,,,82376.0,75355.0,41.0,1213.0
1/19/22,1751625.0,986.0,73.0,15683.0,15257.0,374.0,18.0,52.0,,,82399.0,75355.0,34.0,1247.0
1/20/22,1755467.0,3842.0,141.0,15824.0,15407.0,365.0,23.0,52.0,,,82428.0,75355.0,33.0,1280.0
1/21/22,1757472.0,2005.0,129.0,15953.0,15514.0,387.0,24.0,52.0,,,82537.0,75381.0,29.0,1309.0
1/22/22,1759587.0,2115.0,81.0,16034.0,15629.0,353.0,19.0,52.0,,,82621.0,75393.0,20.0,1329.0
1/23/22,1761529.0,1942.0,91.0,16125.0,15689.0,384.0,21.0,52.0,,,82687.0,75420.0,19.0,1348.0
1/24/22,1762680.0,1151.0,55.0,16180.0,15734.0,394.0,17.0,52.0,,,82756.0,75420.0,28.0,1376.0
1/25/22,1764313.0,1633.0,88.0,16268.0,15813.0,402.0,17.0,53.0,,,82772.0,75448.0,22.0,1398.0
1/26/22,1767740.0,3427.0,94.0,16362.0,15921.0,388.0,20.0,53.0,,,82833.0,75472.0,21.0,1419.0
